ASIN,Product Name,Brand,Category,Est. Monthly Revenue,Est. Monthly Sales,Price,Fees,Net,Rank,Reviews,LQS,Sellers,Buy Box Owner,Rating,Dimensions,Product Tier,Weight
B07V4HHNV6,"2PCS Halloween Spider Headband+ 2PCS Halloween Face Tattoo,Aniwon Black Spider Web Headband Party Headband Hair Hoop with Spider Temporary Face Tattoo Transfer Eyeshadow Tattoo Sticker for Halloween",Aniwon,Beauty & Personal Care,$0,0,$11.99,$4.99,7,"559,111",10,71,2,Zoylink,4.2,"""2.4803"" x ""7.6772"" x ""8.189""",Standard (Large),0.1323
B07V5SF792,"6PCS Halloween Spider Headband & 6 PCS Skull Hair Clip,Aniwon Creative Halloween Party Headband Costume Headband Hair Hoop for Kids and Women Dress up Costume Halloween Party Supplies",Aniwon,Beauty & Personal Care,$0,0,$9.99,$4.69,5.3,"451,157",17,71,1,Zoylink,4.2,"""3.1102"" x ""7.9134"" x ""9.4094""",Standard (Large),0.463
B07XXVL6BJ,9pcs Christmas Headbands Antlers Headpiece 10 LEDs Hairband Hair Hoop Cosplay Costume Accessory for Kids Halloween Carnival Masquerade Party Decoration,Aniwon,Beauty & Personal Care,$1918.8,120,$15.99,$5.59,10.4,"62,298",,71,1,Life Dominater,,"""2.4016"" x ""3.7402"" x ""10.1181""",Standard (Large),0.582
B079FRHP63,Aniwon 1-5 Years Old 4Pcs Infant Toddler Baby Bibs with Sleeves Waterproof Bibs Long Sleeved Bibs,Aniwon,"Clothing, Shoes & Jewelry",$0,0,$12.99,$5.14,7.85,"2,790,138",56,62,2,Life Dominater,4.1,"""10.7"" x ""8.58"" x ""3.03""",Standard (Large),0.36
B07J43V6YG,Aniwon 1-5 Years Old 4Pcs Infant Toddler Baby Bibs with Sleeves Waterproof Bibs Long Sleeved Bibs,Aniwon,"Clothing, Shoes & Jewelry",$779.4,60,$12.99,$5.14,7.85,"236,042",56,62,2,Life Dominater,4.1,"""10.63"" x ""8.66"" x ""0.79""",Standard (Large),0.39
B079G2SG93,Aniwon 1-5 Years Old 4Pcs Infant Toddler Baby Bibs with Sleeves Waterproof Bibs Long Sleeved Bibs,Aniwon,"Clothing, Shoes & Jewelry",$1558.8,120,$12.99,$5.14,7.85,"137,427",56,62,2,Life Dominater,4.1,"""10.71"" x ""8.58"" x ""3.03""",Standard (Large),0.36
B07BVGDTK8,Aniwon 1-5 Years Old 4Pcs Infant Toddler Baby Bibs with Sleeves Waterproof Bibs Long Sleeved Bibs,Aniwon,"Clothing, Shoes & Jewelry",$779.4,60,$12.99,$5.14,7.85,"252,991",54,42,2,Life Dominater,4.1,"""11.26"" x ""7.16"" x ""1.73""",Standard (Large),0.5
B07BVGB6XM,Aniwon 1-5 Years Old 4Pcs Infant Toddler Baby Bibs with Sleeves Waterproof Bibs Long Sleeved Bibs,Aniwon,"Clothing, Shoes & Jewelry",$779.4,60,$12.99,$5.14,7.85,"236,042",56,62,2,Life Dominater,4.1,"""9.84"" x ""7.09"" x ""1.18""",Standard (Large),0.71
B07K86HK4F,Aniwon 128PCS Travel Sewing Kit Portable DIY Mini Sewing Kit for Home Sewing Supplies Sewing Tools,Aniwon,"Clothing, Shoes & Jewelry",$134.85,15,$8.99,$4.54,4.45,"528,106",21,63,2,Cherubaby,4.3,"""1.5"" x ""5.8"" x ""6.9""",Standard (Large),0.399
B07C1567BV,Aniwon 14 Sheets Belly Sticker Month Sticker Number Weekly Pregnancy Sticker Photo Sticker,Aniwon,"Clothing, Shoes & Jewelry",$0,0,$6.99,$4.24,2.75,"7,508,195",,51,1,Life Dominater,,"""5.91"" x ""3.15"" x ""1.97""",Standard (Large),0.21
B07C3MY389,Aniwon 18Pcs Womens Hair Claw Clips Vintage Jaw Clips Hair Clamps Hair Accessory for Bath Shower,Aniwon,Beauty & Personal Care,$0,0,$7.99,$4.39,3.6,"2,303,007",,61,1,Life Dominater,,"""7.0866"" x ""5.9055"" x ""1.5748""",Standard (Large),0.6195
B07TZHNKQ5,"Aniwon 2PCS Halloween Spider Web Headband+2 PCS Rhinestone Face Jewels, Spider Headband Halloween Party Headband Hair Hoop with Mermaid Face Gems Glitter for Women Halloween Cosplay Party Costume",Aniwon,Beauty & Personal Care,$0,0,$4.99,$4.19,0.8,"807,518",9,71,1,Zoylink,4.1,"""0.8661"" x ""7.7559"" x ""8.5827""",Standard (Large),0.1433
B0771J1H5V,Aniwon 3 Pairs If You Can Read This Bring Me a Glass of Wine Socks Crew Socks Casual Socks for Women Men,Aniwon,"Clothing, Shoes & Jewelry",$0,0,$12.99,$5.14,7.85,"1,160,952",7,63,2,Zoylink,4.1,"""10.24"" x ""9.45"" x ""2.8""",Standard (Large),0.46
B07H97MB5Q,Aniwon 3 Pairs If You Can Read This Bring Me a Glass of Wine Socks Crew Socks Casual Socks for Women Men,Aniwon,"Clothing, Shoes & Jewelry",$0,0,$12.99,$5.14,7.85,"1,333,590",8,63,2,Zoylink,4.3,"""2.1"" x ""9.85"" x ""12.9""",Standard (Large),0.4806
B07GV9LQQ1,Aniwon 3 Pairs If You Can Read This Bring Me a Glass of Wine Socks Father Day Socks (A1),Aniwon,"Clothing, Shoes & Jewelry",$0,0,$7.99,N.A.,N.A.,"16,576,350",6,59,1,Zoylink,4.6,"""0"" x ""0"" x ""0""",,0
B07GV7WFFF,Aniwon 3 Pairs If You Can Read This Bring Me a Glass of Wine Socks Father Day Socks (E),Aniwon,"Clothing, Shoes & Jewelry",$0,0,$7.46,N.A.,N.A.,"14,716,971",6,59,1,Zoylink,4.6,"""0"" x ""0"" x ""0""",,0
B07GDJ3685,"Aniwon 3PCS Halloween Spider Headband Costume Headband Party Hair Hoop,Halloween Headband for Kids and Adults",Zoylink,Health & Household,$0,0,$9.99,$4.69,5.3,"748,257",,64,1,Zoylink,,"""3.2677"" x ""6.8898"" x ""7.5197""",Standard (Large),0.172
B07C1WQH3S,Aniwon 3PCS Infant Bib Baby Cotton Bib Cartoon Vest Type Drool Bib for Baby,Aniwon,"Clothing, Shoes & Jewelry",$0,0,$7.46,$4.31,3.15,"13,290,726",,56,1,Life Dominater,,"""11.0236"" x ""7.874"" x ""0.9843""",Standard (Large),0.2866
B07CL42F4Y,Aniwon 3PCS Mouth Cover Kid Cotton Mask Cute Cartoon Breathable Kid Face Mask Cycling Mask,Aniwon,"Clothing, Shoes & Jewelry",$0,0,$6.99,$4.24,2.75,"31,287,896",,60,1,Life Dominater,,"""3.937"" x ""3.937"" x ""3.937""",Standard (Large),0.1521
B07KZQ494R,Aniwon 4 Pack Mouth Masks Cute Anti Dust Cotton Face Mask Adjustable Face Mouth Mask for Boys and Girls,Aniwon,Health & Household,$0,0,$7.99,$4.39,3.6,"281,482",459,63,1,Zoylink,4.4,"""1.1417"" x ""5.315"" x ""5.9055""",Standard (Large),0.1213
B07CBQCZQ3,Aniwon 4PCS Baby Pacifier Holder Pacifier Clip Classic Pacifier Leash Infant Pacifier Clip,Aniwon,"Clothing, Shoes & Jewelry",$0,0,$5.99,$4.19,1.8,"14,555,214",,60,1,Life Dominater,,"""3.937"" x ""3.937"" x ""1.5748""",Standard (Large),0.0816
B07DCNS82B,Aniwon 4Pcs Hair Clips Retro Feather barrettes Hair Accessories for Women,Aniwon,Beauty & Personal Care,$0,0,$5.59,$4.19,1.4,"2,008,571",,56,1,Life Dominater,,"""4.7244"" x ""3.1496"" x ""1.1811""",Standard (Large),0.2403
B07DCPVBB8,Aniwon 5 Pairs Women's Crew Socks Letters Printed Funny Socks Cotton Socks Athletic Socks,Aniwon,"Clothing, Shoes & Jewelry",$0,0,$9.99,$4.69,5.3,"4,678,802",,59,1,Life Dominater,,"""7.874"" x ""3.937"" x ""3.1496""",Standard (Large),0.4057
B07CGG4XBH,Aniwon 50PCS Mouth Masks Disposable Mask 3 Layers Anti Dust Mouth Cover Disposable Face Mask,Aniwon,"Clothing, Shoes & Jewelry",$0,0,$5.99,$4.19,1.8,"28,563,746",,61,1,Life Dominater,,"""7.87"" x ""4.13"" x ""3.94""",Standard (Large),0.33
B07LCF2L8F,Aniwon 6 Pairs Do Not Disturb I'm Gaming Crew Socks Casual Socks Creative Fashion Letter Novelty Socks,Aniwon,"Clothing, Shoes & Jewelry",$0,0,$13.99,N.A.,N.A.,"4,537,561",56,56,1,Zoylink,4.3,"""0"" x ""0"" x ""0""",,0
B07CLMFCDC,Aniwon 6PCS Filter Mask Mouth Mask PM2.5 Active Carbon Cycling Mask Cotton Filter Mask,Aniwon,"Clothing, Shoes & Jewelry",$0,0,$4.99,$4.19,0.8,"7,957,716",,60,1,Life Dominater,,"""7.874"" x ""5.1181"" x ""1.9685""",Standard (Large),0.2205
B07CVW518R,Aniwon 6PCS Hair Clips Decorative Alloy Hair Barrettes Hair Pins Bobby Pins Hair Accessories for Women,Aniwon,Beauty & Personal Care,$0,0,$4.48,$3.41,1.07,"2,120,402",,62,1,Life Dominater,,"""7.0866"" x ""4.7244"" x ""0.3937""",Standard (Small),0.1543
B07CKSHKVM,Aniwon 8PCS Luggage Label Bag Tag Set Candy Color Baggage Label Travel Tag for Suitcase,Aniwon,"Clothing, Shoes & Jewelry",$0,0,$7.99,$4.39,3.6,"18,501,648",,59,1,Life Dominater,,"""3.1496"" x ""3.1496"" x ""1.1811""",Standard (Large),0.2513
B07C3L73XJ,Aniwon 8Pcs Womens Hair Clips Hollow Double Triangle Loop Barrettes Clamps Round Moon Bowknot Metal Hairpins Bobby Pin Styling Accessories for Girls and Women,Aniwon,Beauty & Personal Care,$0,0,$5.99,$4.19,1.8,"1,371,887",,45,1,Life Dominater,,"""4.72"" x ""3.94"" x ""3.15""",Standard (Large),0.15
B07C13NMMT,Aniwon Baby Bib Infant Bib Double Layer Absorbent Baby Cotton Bib with Baby Teether Toy,Aniwon,"Clothing, Shoes & Jewelry",$0,0,$13.99,$9.95,4.04,"17,188,745",,61,1,Life Dominater,,"""19.29"" x ""10.63"" x ""1.97""",Oversize (Small),1.26
B07DDDB1YR,Aniwon Baby Clothes Lace Cute Bowknot Photography Prop Infant Photography Costume with Headband …,Aniwon,"Clothing, Shoes & Jewelry",$0,0,$5.95,$4.19,1.76,"12,912,865",,62,1,Life Dominater,,"""5.9055"" x ""3.937"" x ""3.937""",Standard (Large),0.1653
B07BCGGVF4,"Aniwon Baby Sun Cap, Lace Hat Flower Bowknot Baby Bonnet Sun Hat for Infant Toddler",Aniwon,Sports & Outdoors,$0,0,$9.99,$3.91,6.08,"2,449,465",33,53,1,Cherubaby,3.8,"""5.91"" x ""4.72"" x ""0.39""",Standard (Small),0.13
B07BZSKP9T,Aniwon Belly Sticker Pregnancy Sticker Funny Facial Expression Photo Sticker Maternity Sticker,Aniwon,"Clothing, Shoes & Jewelry",$0,0,$4.99,$4.19,0.8,"7,162,789",,41,1,Life Dominater,,"""5.5118"" x ""3.937"" x ""1.5748""",Standard (Large),0.1036
B07CKX1GWV,Aniwon Black Mouth Mask Breathable Bear Pig Nose Teeth Cotton Mask Anime Mask for Men Women Anti-dust Cotton Face Mask,Aniwon,Beauty & Personal Care,$299.4,60,$4.99,$4.19,0.8,"99,883",,59,1,Life Dominater,,"""5.1181"" x ""4.7244"" x ""1.9685""",Standard (Large),0.0661
B0142T2K2K,Aniwon Bridal Fascinator Hair Clip Wedding Headpiece Flower Mini Pillbox Hat,Aniwon,"Clothing, Shoes & Jewelry",$0,0,$6.99,$4.24,2.75,"10,604,630",4,55,1,Fascigirl Direct,3.8,"""4.4"" x ""4.3"" x ""1""",Standard (Large),0.02
B07JB8XK85,Aniwon Christmas Fuzzy Socks Xmas Cozy Slipper Socks Winter Warm Thick Home Socks with 3D Cute Pattern For Women Girls,Aniwon,"Clothing, Shoes & Jewelry",$419.7,30,$13.99,$5.29,8.7,"283,328",10,67,1,Life Dominater,4.6,"""1.9"" x ""6.2"" x ""11.8""",Standard (Large),0.5004
B07GV6FD98,Aniwon Christmas Fuzzy Socks Xmas Cozy Slipper Socks Winter Warm Thick Home Socks with 3D Cute Pattern For Women Girls,Aniwon,"Clothing, Shoes & Jewelry",$0,0,$16.89,$5.72,11.17,"886,087",40,62,1,Life Dominater,4.3,"""1.9"" x ""6.2"" x ""11.8""",Standard (Large),0.5004
B07GZDDRWM,Aniwon Christmas Fuzzy Socks Xmas Cozy Slipper Socks Winter Warm Thick Home Socks with 3D Cute Pattern For Women Girls,Aniwon,"Clothing, Shoes & Jewelry",$0,0,$9.69,N.A.,N.A.,"848,257",34,62,1,Life Dominater,4.3,"""1.65"" x ""8.03"" x ""9.37""",,0.4497
B07W4HHQW3,"Aniwon Christmas Fuzzy Socks,4 Pairs Christmas Holiday Socks Soft Cozy Socks Warm Slipper Winter Socks for Women",Aniwon,"Clothing, Shoes & Jewelry",$0,0,$9.99,$4.69,5.3,"1,048,567",20,62,2,Zoylink,4.6,"""3.5827"" x ""9.9213"" x ""11.5748""",Standard (Large),0.6173
B07HB2L6BC,"Aniwon Christmas Fuzzy Socks,6 Pairs Christmas Holiday Socks Soft Cozy Socks Warm Slipper Winter Socks for Women",Aniwon,"Clothing, Shoes & Jewelry",$191.88,12,$15.99,$5.59,10.4,"447,883",41,62,1,Zoylink,4.5,"""3.4"" x ""7"" x ""8.6""",Standard (Large),0.5997
B07W4KHJR6,"Aniwon Christmas Socks Fuzzy, 4 Pairs Holiday Fluffy Plush Slipper Socks Cute Cozy Xmas Sock Winter Warm Thick Home Socks with 3D Cute Pattern For Women Girls Gift",Aniwon,"Clothing, Shoes & Jewelry",$0,0,$16.89,$5.72,11.17,"938,404",18,71,1,Life Dominater,4.7,"""2.5197"" x ""10.748"" x ""11.6142""",Standard (Large),0.6217
B07BHKS4SY,"Aniwon Cloth Diaper, 7PCS Breathable Diaper Adjustable Snap Pocket Cloth Diaper Cover for Baby",Aniwon,"Clothing, Shoes & Jewelry",$0,0,$13.99,$5.29,8.7,"15,291,469",,62,1,Cherubaby,,"""8.66"" x ""7.09"" x ""2.76""",Standard (Large),0.19
B018LNNBN0,Aniwon Cocktail Fascinator Hat Sinamay Pillbox Hat Netting Flower Design for Wedding,Aniwon,"Clothing, Shoes & Jewelry",$0,0,$50.97,$10.84,40.13,"4,191,979",6,57,2,Fascigirl Direct,3,"""6.9"" x ""6.2"" x ""3.2""",Standard (Large),0.02
B01J0RLIUY,"Aniwon Compression Socks Toe Open Leg Support Stocking Knee High Socks with Zipper (Beige, Medium)",Aniwon,Health & Household,$1638.36,164,$9.99,$3.91,6.08,"102,631",173,46,1,Zoylink,4,"""7.1"" x ""4.3"" x ""0.1""",Standard (Small),0.2
B01J0RLN7W,"Aniwon Compression Socks Toe Open Leg Support Stocking Knee High Socks with Zipper (Beige, XX-Large)",Aniwon,"Clothing, Shoes & Jewelry",$2097.9,210,$9.99,$3.91,6.08,"95,894",220,66,2,Zoylink,3.5,"""7.1"" x ""4.3"" x ""0.1""",Standard (Small),0.2
B01J0Q7TK8,"Aniwon Compression Socks Toe Open Leg Support Stocking Knee High Socks with Zipper (Black, Large)",Aniwon,"Clothing, Shoes & Jewelry",$2697.3,270,$9.99,$4.69,5.3,"76,315",65,66,1,Zoylink,3.6,"""7.5"" x ""4.5"" x ""1""",Standard (Large),0.08
B01J0Q7RVY,"Aniwon Compression Socks Toe Open Leg Support Stocking Knee High Socks with Zipper (Black, Medium)",Aniwon,"Clothing, Shoes & Jewelry",$2997,300,$9.99,$4.69,5.3,"71,965",27,66,1,Zoylink,3.4,"""6.5"" x ""4.5"" x ""0.9""",Standard (Large),0.15
B01J0Q7V2Y,"Aniwon Compression Socks Toe Open Leg Support Stocking Knee High Socks with Zipper (Black, XX-Large)",Aniwon,"Clothing, Shoes & Jewelry",$1798.2,180,$9.99,$4.69,5.3,"98,176",95,66,1,Zoylink,3.6,"""7.5"" x ""4.5"" x ""0.9""",Standard (Large),0.1
B01J0RLL7E,"Aniwon Compression Socks Toe Open Leg Support Stocking Knee High Socks with Zipper Beige,Large",Aniwon,Health & Household,$2097.9,210,$9.99,$3.91,6.08,"42,393",155,67,1,Zoylink,3.6,"""0.1"" x ""4.3"" x ""7.1""",Standard (Small),0.2
B00QG4Q3ZU,"Aniwon Cotton Stocking, Womens Thigh High Stockings Leg Warm Knee High Socks for Winter",Aniwon,"Clothing, Shoes & Jewelry",$0,0,$11.68,$4.94,6.74,"5,753,284",1,58,1,Fascigirl Direct,3,"""8.1"" x ""5.1"" x ""2""",Standard (Large),0.3
B07G83GB7C,Aniwon Cycling Balaclava Face Mask Skull Mask Windproof Ski Mask for Women Men,Aniwon,"Clothing, Shoes & Jewelry",$0,0,$8.99,$4.54,4.45,"2,458,664",2,60,1,Life Dominater,2.4,"""1.1024"" x ""5.4724"" x ""6.811""",Standard (Large),0.119
B018S5W4OI,Aniwon Fascigirl Netting Fascinator Bridal Hair Clip Feather Headpieces Wedding Headwear,Fascigirl,"Clothing, Shoes & Jewelry",$0,0,$12.17,$5.02,7.15,"2,664,989",10,58,1,Fascigirl Direct,3.9,"""11.6"" x ""8.8"" x ""2.7""",Standard (Large),0.05
B014KQHEYO,Aniwon Fascinator Cocktail Hat Feather Net Hair Clip Pillbox Hat for Women Green,Aniwon,"Clothing, Shoes & Jewelry",$0,0,$10.99,$4.84,6.15,"3,339,352",7,57,1,Fascigirl Direct,3.5,"""10"" x ""8.4"" x ""3.4""",Standard (Large),0.02
B01C2IFEHG,Aniwon Fascinator Feather Pillbox Hat Flax Cocktail Tea Party Derby Hat for Women Peach,Aniwon,"Clothing, Shoes & Jewelry",$0,0,$23.99,N.A.,N.A.,"31,573,762",0,52,1,Fascigirl Direct,0,N.A.,True,0.13
B014EM1V2K,Aniwon Fascinator Hair Clip Hat Feather Veil Wedding Bridal Headwear for Women,Aniwon,"Clothing, Shoes & Jewelry",$0,0,$12.95,$5.13,7.82,"1,306,626",31,58,1,Fascigirl Direct,4.2,"""10.4"" x ""8.3"" x ""2.6""",Standard (Large),0.05
B014EM1X50,Aniwon Fascinator Hair Clip Hat Feather Veil Wedding Bridal Headwear for Women,Aniwon,"Clothing, Shoes & Jewelry",$0,0,$12.95,$5.13,7.82,"1,299,502",31,51,1,Fascigirl Direct,4.2,"""10.4"" x ""8.3"" x ""2.6""",Standard (Large),0.05
B018K6BGDA,Aniwon Fascinator Hair Clip Wedding Headpiece Sinamay Flower Feather Pillbox Hat,Fascigirl,"Clothing, Shoes & Jewelry",$0,0,$14.99,$5.44,9.55,"9,999,007",7,51,1,Fascigirl Direct,4.1,"""6.4"" x ""6.1"" x ""1.8""",Standard (Large),0.02
B019GHHGM2,Aniwon Fascinator Hair Hoop Cocktail Hat Feather Wedding Pillbox Hat for Women,Fascigirl,"Clothing, Shoes & Jewelry",$0,0,$44.97,$9.94,35.03,"5,809,726",3,45,1,Fascigirl Direct,4.2,"""15.8"" x ""11.3"" x ""2.8""",Standard (Large),0.1
B019GHHIL6,Aniwon Fascinator Hair Hoop Cocktail Hat Feather Wedding Pillbox Hat for Women,Fascigirl,"Clothing, Shoes & Jewelry",$0,0,$19.99,$6.19,13.8,"4,813,062",4,40,1,Fascigirl Direct,4.2,"""14"" x ""10.4"" x ""2.3""",Standard (Large),0.1
B015W47F1U,Aniwon Fascinator Hair Hoop Feather Headband Wedding Headwear for Bridal White,Fascigirl,"Clothing, Shoes & Jewelry",$0,0,$12.99,$5.14,7.85,"2,294,105",8,44,1,Fascigirl Direct,4.3,"""9"" x ""8.5"" x ""7.2""",Standard (Large),0.15
B018FZMYDW,Aniwon Fascinator Pillbox Hat Wedding Bridal Veil Headpiece Party Top Hat for Women,Aniwon,"Clothing, Shoes & Jewelry",$0,0,$17.99,N.A.,N.A.,"21,928,963",0,56,1,Fascigirl Direct,0,N.A.,True,0.44
B018FZN486,Aniwon Fascinator Pillbox Hat Wedding Bridal Veil Headpiece Party Top Hat for Women,Aniwon,"Clothing, Shoes & Jewelry",$0,0,$17.99,N.A.,N.A.,"23,527,511",0,56,1,Fascigirl Direct,0,N.A.,True,0.44
B018FZN1AW,Aniwon Fascinator Pillbox Hat Wedding Bridal Veil Headpiece Party Top Hat for Women,Aniwon,"Clothing, Shoes & Jewelry",$0,0,$17.99,N.A.,N.A.,"24,417,990",0,56,1,Fascigirl Direct,0,"""0"" x ""0"" x ""0""",True,0.44
B018L90JTI,Aniwon Feather Fascinator Pillbox Hat Kentucky Derby Hat Bridal Headwear for Women,Aniwon,"Clothing, Shoes & Jewelry",$0,0,$7.99,$4.39,3.6,"2,248,501",14,41,1,Fascigirl Direct,3.3,"""10.3"" x ""9.5"" x ""2.2""",Standard (Large),0.02
B019BSWS3I,Aniwon Feather Fascinator Pillbox Hat Wedding Sinamay Cocktail Hat for Women White,Aniwon,"Clothing, Shoes & Jewelry",$0,0,$21.98,$6.49,15.49,"10,111,818",2,41,1,Fascigirl Direct,3.1,"""15.4"" x ""11.5"" x ""2.5""",Standard (Large),0.12
B01CNISMDS,Aniwon Feather Fascinator Tea Party Derby Pillbox Hat Hair Hood Bridal Hair Accessory,Aniwon,"Clothing, Shoes & Jewelry",$0,0,$10.99,N.A.,N.A.,"25,408,445",0,57,1,Fascigirl Direct,0,N.A.,True,0.22
B0188SYVG4,Aniwon Feather Pillbox Hat Veil Fascinator Cocktail Wedding Headwear for Women,Aniwon,"Clothing, Shoes & Jewelry",$0,0,$11.69,$4.94,6.75,"6,621,690",0,46,1,Fascigirl Direct,,"""6.1"" x ""5.1"" x ""1.4""",Standard (Large),0.1
B0188SYQ1Y,Aniwon Feather Pillbox Hat Veil Fascinator Cocktail Wedding Headwear for Women,Aniwon,"Clothing, Shoes & Jewelry",$0,0,$11.69,$4.94,6.75,"6,621,690",0,46,1,Fascigirl Direct,,"""6.1"" x ""5.1"" x ""1.4""",Standard (Large),0.1
B0188SYT5C,Aniwon Feather Pillbox Hat Veil Fascinator Cocktail Wedding Headwear for Women,Aniwon,"Clothing, Shoes & Jewelry",$0,0,$11.69,$4.94,6.75,"6,621,690",0,36,1,Fascigirl Direct,,"""6.1"" x ""5.1"" x ""1.4""",Standard (Large),0.1
B0188ST04M,Aniwon Feather Pillbox Hat Veil Fascinator Cocktail Wedding Headwear for Women,Aniwon,"Clothing, Shoes & Jewelry",$0,0,$11.69,$4.94,6.75,"7,255,149",0,56,1,Fascigirl Direct,5,"""6.1"" x ""5.1"" x ""1.4""",Standard (Large),0.1
B0188ST2IQ,Aniwon Feather Pillbox Hat Veil Fascinator Cocktail Wedding Headwear for Women,Aniwon,"Clothing, Shoes & Jewelry",$0,0,$11.69,$4.94,6.75,"6,621,690",0,46,1,Fascigirl Direct,,"""6.1"" x ""5.1"" x ""1.4""",Standard (Large),0.1
B00T44U6U2,Aniwon Fingerless Gloves Bear Cat Claw Bear Paw Style Winter Plush Furry Mitten for Women,Aniwon,"Clothing, Shoes & Jewelry",$0,0,$8.99,$4.54,4.45,"1,333,223",27,53,1,Fascigirl Direct,3.7,"""7.1"" x ""6.3"" x ""2""",Standard (Large),0.02
B00Q44TU9I,Aniwon Fingerless Gloves Bear Cat Claw Bear Paw Style Winter Plush Furry Mitten for Women,Aniwon,"Clothing, Shoes & Jewelry",$0,0,$8.99,$4.54,4.45,"4,385,480",4,53,2,Fascigirl Direct,4.1,"""7.1"" x ""6.3"" x ""2""",Standard (Large),0.02
B01M4GTGPM,Aniwon Flapper Headband Elastic Feather Headband with Rhinestone Decoration,Aniwon,Health & Household,$0,0,$7.99,$4.39,3.6,"580,591",10,55,1,Fascigirl Direct,4.4,"""4"" x ""3"" x ""2""",Standard (Large),0.18
B0181QSZ4W,Aniwon Flower Fascinator Cocktail Hat Hair Hoop Wedding Headwear Bridal Headpiece,Aniwon,"Clothing, Shoes & Jewelry",$476.47,53,$8.99,$4.54,4.45,"50,989",271,63,1,Fascigirl Direct,4.1,"""7.8"" x ""5.5"" x ""0.8""",Standard (Large),0.02
B0181QT07S,Aniwon Flower Fascinator Cocktail Hat Hair Hoop Wedding Headwear Bridal Headpiece,Aniwon,"Clothing, Shoes & Jewelry",$0,0,$8.99,$4.54,4.45,"21,303,980",1,41,1,Fascigirl Direct,5,"""7.8"" x ""5.5"" x ""0.8""",Standard (Large),0.02
B07QDW99ZC,"Aniwon Hair Scrunchies for Women and Girls, 5Pcs Chiffon Bow Elastic Flower Hair Bands Hair Vintage Ponytail Holder Scrunchy Ties Hair Ropes for Wedding Party Birthday Valentine's Day",Aniwon,Beauty & Personal Care,$0,0,$10.99,$4.84,6.15,"526,495",9,45,1,Life Dominater,4.7,"""2"" x ""6"" x ""8""",Standard (Large),0.1499
B07B8MF956,"Aniwon Infant Costume Jumpsuit, Baby Jumpsuit Cloth Outfit Cute Chicken Feather Jumpsuit Newborn Photography Prop",Aniwon,"Clothing, Shoes & Jewelry",$0,0,$12.99,$5.14,7.85,"9,088,921",,49,1,Cherubaby,,"""7.87"" x ""5.91"" x ""3.15""",Standard (Large),0.49
B07MB5TVCK,"Aniwon Kawaii Muffle Mask, 5 pack Anti-Dust Anime Cotton Mouth Mask Cute Kaomoji Face Mask",Aniwon,"Clothing, Shoes & Jewelry",$359.7,30,$11.99,$4.99,7,"470,165",4,59,2,Cherubaby,4.7,"""1.2598"" x ""1.7717"" x ""9.2126""",Standard (Large),0.205
B078S5YT6R,"Aniwon Kawaii Muffle Mask, 5 Pack Anti-Dust Anime Cotton Mouth Mask Cute Kaomoji Face Mask",Aniwon,Health & Household,$3673.25,175,$20.99,$6.34,14.65,"42,789",166,34,1,Available from these sellers.,4.6,"""1"" x ""5"" x ""8""",Standard (Large),0.2094
B01M8QXFEP,"Aniwon Knit Hat, Chunky Beanie Hat Winter Warm Stretch Cable Cap Hats For Women Men",Fascigirl,"Clothing, Shoes & Jewelry",$0,0,$3.99,$4.19,-0.2,"2,401,540",3,50,1,Fascigirl Direct,5,"""8.19"" x ""3.54"" x ""2.91""",Standard (Large),0.44
B07G72CNCM,Aniwon Lovely Cat Claw Bear Paw Winter Plush Gloves Mitt for Women Girls,Aniwon,"Clothing, Shoes & Jewelry",$0,0,$5.99,$4.19,1.8,"11,773,532",,55,1,Zoylink,,"""2.3622"" x ""5.8661"" x ""7.752""",Standard (Large),0.108
B07G73QZT8,Aniwon Lovely Cat Claw Bear Paw Winter Plush Gloves Mitt for Women Girls,Aniwon,"Clothing, Shoes & Jewelry",$0,0,$5.99,N.A.,N.A.,"11,741,334",1,55,1,Zoylink,5,"""2.3622"" x ""5.8661"" x ""7.7559""",,0.108
B07CK51RZ2,Aniwon Men's Necktie Fashion Classic Pre-Tied Adjustable Zipper Up Business Tie Formal Necktie 3.15'',Aniwon,"Clothing, Shoes & Jewelry",$0,0,$8.99,N.A.,N.A.,"7,531,793",2,49,1,Life Dominater,5,N.A.,,
B0761QHBGR,"Aniwon Mouth Mask, 4 Pack Unisex Kpop Mask EXO Mask Anti-dust Cotton Face Mask for Men and Women (Black&White)",Aniwon,Beauty & Personal Care,$3114.36,164,$18.99,N.A.,N.A.,"84,541",177,59,1,Available from these sellers.,4.2,"""2"" x ""1"" x ""1""",,
B07QYQH7ZP,"Aniwon Pearls Hair Scrunchies, 8 Pack Chiffon Bow Elastic Hair Bands Bowknot Hair Ties Ponytail Holder Silk Scrunchies Hair Accessories for Women Girls Ladies",Aniwon,Beauty & Personal Care,$0,0,$11.99,$4.99,7,"594,428",13,68,1,Life Dominater,4.3,"""1.1811"" x ""1.2205"" x ""7.2441""",Standard (Large),0.1962
B07H923GH9,"Aniwon Pillbox Hat, Wedding Hat with Veil Vintage Bow Fascinator Hats for Women (Wine Red)",Aniwon,"Clothing, Shoes & Jewelry",$2397.6,240,$9.99,$4.69,5.3,"87,075",1,57,2,Zoylink,5,"""4.5669"" x ""11.6142"" x ""12.0079""",Standard (Large),0.2183
B07KZWHXG9,"Aniwon Pillbox Hat, Wedding Hat with Veil Vintage Bow Fascinator Hats for Women …",Aniwon,"Clothing, Shoes & Jewelry",$2998.5,150,$19.99,N.A.,N.A.,"113,767",240,56,1,Zoylink,4,"""0"" x ""0"" x ""0""",,0
B07H922BG2,"Aniwon Pillbox Hat, Wedding Hat with Veil Vintage Bow Fascinator Hats for Women …",Aniwon,"Clothing, Shoes & Jewelry",$1258.2,180,$6.99,$8.61,-1.62,"105,451",241,58,1,Zoylink,4,"""3.622"" x ""15.5118"" x ""17.4803""",Oversize (Small),0.4982
B07H91X2XH,"Aniwon Pillbox Hat, Wedding Hat with Veil Vintage Bow Fascinator Hats for Women …",Aniwon,"Clothing, Shoes & Jewelry",$2472.75,225,$10.99,$4.84,6.15,"64,161",241,58,1,Zoylink,4,"""3.3071"" x ""11.8504"" x ""14.5276""",Standard (Large),0.2954
B00WW8P6NY,"Aniwon Pillbox Hat, Wedding Hat with Veil Vintage Bow Fascinator Hats for Women …",Aniwon,"Clothing, Shoes & Jewelry",$4377.49,151,$28.99,$7.54,21.45,"143,722",241,58,2,Zoylink,4,"""8.1"" x ""7.8"" x ""2.4""",Standard (Large),0.05
B07KZWQ8KW,"Aniwon Pillbox Hat, Wedding Hat with Veil Vintage Bow Fascinator Hats for Women …",Aniwon,"Clothing, Shoes & Jewelry",$2248.5,150,$14.99,N.A.,N.A.,"120,103",241,56,2,Zoylink,4,N.A.,,
B07GQN61DK,"Aniwon Pillbox Hat, Wedding Hat with Veil Vintage Bow Fascinator Hats for Women …",Aniwon,"Clothing, Shoes & Jewelry",$1887.9,210,$8.99,N.A.,N.A.,"91,871",240,63,1,Zoylink,4,"""0"" x ""0"" x ""0""",,0
B07149LM9M,Aniwon Punk Style Wedding Party Black Lace Choker Beads Tassels Chain Pendant Necklace Earring Set for Women,Aniwon,"Clothing, Shoes & Jewelry",$4286.1,390,$10.99,$4.84,6.15,"53,109",1153,56,2,Zoylink,4,"""4.61"" x ""3.9"" x ""0.91""",Standard (Large),0.05
B0711LGB8S,Aniwon Punk Style Wedding Party Black Lace Choker Beads Tassels Chain Pendant Necklace Earring Set for Women,Aniwon,"Clothing, Shoes & Jewelry",$4045.5,450,$8.99,$3.76,5.23,"82,148",1155,60,2,Zoylink,4,"""4.29"" x ""3.11"" x ""0.71""",Standard (Small),0.04
B07HB2LV2T,Aniwon Punk Style Wedding Party Black Lace Choker Beads Tassels Chain Pendant Necklace Earring Set for Women,Aniwon,"Clothing, Shoes & Jewelry",$1436.4,360,$3.99,N.A.,N.A.,"59,417",1155,63,1,Zoylink,4,"""0.5118"" x ""4.4882"" x ""5.4724""",,0.0705
B074M86T79,Aniwon Punk Style Wedding Party Black Lace Choker Beads Tassels Chain Pendant Necklace Earring Set for Women,Aniwon,"Clothing, Shoes & Jewelry",$6235.2,480,$12.99,$4.36,8.63,"37,638",1157,64,2,Zoylink,4,"""4.21"" x ""3.5"" x ""0.59""",Standard (Small),0.1
B0711LHZQP,Aniwon Punk Style Wedding Party Black Lace Choker Beads Tassels Chain Pendant Necklace Earring Set for Women,Aniwon,"Clothing, Shoes & Jewelry",$7012.2,780,$8.99,$4.54,4.45,"27,388",1081,51,1,Zoylink,4,"""3.11"" x ""2.52"" x ""1.1""",Standard (Large),0.04
B07TYSSMZT,Aniwon Punk Style Wedding Party Black Lace Choker Beads Tassels Chain Pendant Necklace Earring Set for Women,Aniwon,"Clothing, Shoes & Jewelry",$6235.2,480,$12.99,$5.14,7.85,"57,535",1155,64,2,Zoylink,4,"""0.87"" x ""5.2"" x ""6.14""",Standard (Large),0.2006
B00SZO91U8,Aniwon Punk Style Wedding Party Black Lace Choker Beads Tassels Chain Pendant Necklace Earring Set for Women,Aniwon,"Clothing, Shoes & Jewelry",$4584.9,510,$8.99,$4.54,4.45,"51,310",1158,58,2,Zoylink,4,"""5.4"" x ""5.4"" x ""0.9""",Standard (Large),0.1
B07HB2MCW9,Aniwon Punk Style Wedding Party Black Lace Choker Beads Tassels Chain Pendant Necklace Earring Set for Women (Black5),Aniwon,"Clothing, Shoes & Jewelry",$0,0,$6.99,$3.46,3.53,"2,707,284",4,63,3,Zoylink,5,"""0.5118"" x ""4.4882"" x ""5.4724""",Standard (Small),0.0705
B07BNDLSVP,Aniwon Sleeve Bibs Waterproof Long Apron Art Smock Painting Apron for Kids,Aniwon,"Clothing, Shoes & Jewelry",$0,0,$4.6,$3.41,1.19,"28,768,398",,57,1,Cherubaby,,"""5.9055"" x ""4.7244"" x ""0.3937""",Standard (Small),0.1124
B012V82SNA,Aniwon Sun Hat Beach Straw Hat Church Wide Brim Derby Cap with Flower for Women,Aniwon,"Clothing, Shoes & Jewelry",$0,0,$14.98,$5.44,9.54,"4,828,317",9,45,1,Fascigirl Direct,4.7,"""10.6"" x ""10.4"" x ""5.3""",Standard (Large),0.4
B07DCPGTZ7,Aniwon Turban Beanie Stylish Pearls Turban Cap Turban Headwear Turban Head Wrap,Aniwon,"Clothing, Shoes & Jewelry",$0,0,$8.98,$4.54,4.44,"7,093,203",,48,1,Life Dominater,,"""7.0866"" x ""3.1496"" x ""3.937""",Standard (Large),0.291
B018DM0FBU,Aniwon Veil Fascinator Mini Pillbox Hat Cocktail Tea Party Hat for Ladies,Aniwon,"Clothing, Shoes & Jewelry",$0,0,$10.99,N.A.,N.A.,"17,516,338",0,39,1,Fascigirl Direct,0,N.A.,True,0.2
B018DM0H0O,Aniwon Veil Fascinator Mini Pillbox Hat Cocktail Tea Party Hat for Ladies,Aniwon,"Clothing, Shoes & Jewelry",$0,0,$10.99,N.A.,N.A.,"17,768,421",0,54,1,Fascigirl Direct,0,"""0"" x ""0"" x ""0""",True,0.2
B017VTWJRE,Aniwon Veil Pillbox Hat Flower Fascinator Cocktail Party Headwear for Girls,Fascigirl,"Clothing, Shoes & Jewelry",$0,0,$10.89,N.A.,N.A.,"4,931,595",3,34,1,Fascigirl Direct,4.1,N.A.,True,
B017VTWIPW,Aniwon Veil Pillbox Hat Flower Fascinator Cocktail Party Headwear for Girls,Fascigirl,"Clothing, Shoes & Jewelry",$0,0,$10.19,$4.72,5.47,"4,944,979",3,54,1,Fascigirl Direct,4.1,"""6.2"" x ""5.9"" x ""0.8""",Standard (Large),0.02
B017VTWHLW,Aniwon Veil Pillbox Hat Flower Fascinator Cocktail Party Headwear for Girls,Fascigirl,"Clothing, Shoes & Jewelry",$0,0,$10.13,$4.71,5.42,"4,902,194",3,54,1,Fascigirl Direct,4.1,"""6.2"" x ""5.9"" x ""0.8""",Standard (Large),0.02
B07HB2W29Z,Aniwon Vintage Black Lace Skull Choker Necklace for Women Girls Halloween Decorations Party Accessory,Aniwon,"Clothing, Shoes & Jewelry",$0,0,$7.99,$3.61,4.38,"2,682,630",1,61,1,Zoylink,5,"""0.5118"" x ""4.4882"" x ""5.4724""",Standard (Small),0.0705
B07TR4X4GL,"Aniwon White DIY Masks with Feathers, 12-Pack Paper Blank Plain Full Face Half Face Masks Natural Feathers Colors Set for Halloween Mardi Gras Cosplay Masquerade Dance Party",Aniwon,"Clothing, Shoes & Jewelry",$1138.8,60,$18.98,$6.04,12.94,"245,822",3,69,2,Life Dominater,5,"""5.1"" x ""7.3"" x ""9.4""",Standard (Large),0.7496
B07D13J9X1,Aniwon Women Bride Accessories Wedding Bracelet Flower Corsage with Pearl Chain(Beige),Aniwon,"Clothing, Shoes & Jewelry",$0,0,$4.29,$4.19,0.1,"6,008,301",2,37,1,Life Dominater,2.9,"""3.5433"" x ""3.5433"" x ""2.7559""",Standard (Large),0.0595
B01CHPM4H2,"Aniwon Women Feather Fascinator Sinamay Pillbox Hat Hair Clip Cocktail Tea Party Hat (Free Size, Navy)",Aniwon,"Clothing, Shoes & Jewelry",$0,0,$20.99,$6.34,14.65,"11,283,204",2,59,1,Fascigirl Direct,4.5,"""11.6"" x ""9.7"" x ""2.6""",Standard (Large),0.1
B017VRM02U,Aniwon Women Feather Fascinator Sinamay Pillbox Hat Hair Clip Cocktail Tea Party Hat Beige,Aniwon,"Clothing, Shoes & Jewelry",$0,0,$20.99,$6.34,14.65,"6,813,930",2,37,1,Fascigirl Direct,2.5,"""11.6"" x ""9.7"" x ""2.6""",Standard (Large),0.1
B017VRLY2C,Aniwon Women Feather Fascinator Sinamay Pillbox Hat Hair Clip Cocktail Tea Party Hat Pink,Aniwon,"Clothing, Shoes & Jewelry",$0,0,$20.99,$6.34,14.65,"11,130,304",9,42,1,Fascigirl Direct,3.4,"""11.6"" x ""9.7"" x ""2.6""",Standard (Large),0.1
B00QG4Q350,Aniwon Women Girls Crochet Socks Knit Thigh High Booties Stockings Over Knee Leg Warmers,Aniwon,"Clothing, Shoes & Jewelry",$0,0,$11.68,$4.94,6.74,"1,590,980",33,58,1,Fascigirl Direct,3.8,"""8.1"" x ""5.1"" x ""2""",Standard (Large),0.3
B01MF6A11P,Aniwon Women Girls Crochet Socks Knit Thigh High Booties Stockings Over Knee Leg Warmers,Aniwon,"Clothing, Shoes & Jewelry",$0,0,$11.68,$4.94,6.74,"1,666,986",33,58,1,Fascigirl Direct,3.8,"""8.1"" x ""5.1"" x ""2""",Standard (Large),0.3
B00QG4Q37I,Aniwon Women Girls Crochet Socks Knit Thigh High Booties Stockings Over Knee Leg Warmers,Aniwon,"Clothing, Shoes & Jewelry",$0,0,$11.68,$4.94,6.74,"1,786,939",33,58,1,Fascigirl Direct,3.8,"""8.1"" x ""5.1"" x ""2""",Standard (Large),0.3
B01MEDJUF9,Aniwon Women Girls Crochet Socks Knit Thigh High Booties Stockings Over Knee Leg Warmers,Aniwon,"Clothing, Shoes & Jewelry",$0,0,$11.68,$4.94,6.74,"1,605,384",33,58,1,Fascigirl Direct,3.8,"""8.1"" x ""5.1"" x ""2""",Standard (Large),0.3
B00QG4Q3RI,Aniwon Women Girls Crochet Socks Knit Thigh High Booties Stockings Over Knee Leg Warmers,Aniwon,"Clothing, Shoes & Jewelry",$0,0,$11.68,$4.94,6.74,"1,601,618",33,53,1,Fascigirl Direct,3.8,"""8.1"" x ""5.1"" x ""2""",Standard (Large),0.3
B00QG4Q3NW,Aniwon Women Girls Crochet Socks Knit Thigh High Booties Stockings Over Knee Leg Warmers,Aniwon,"Clothing, Shoes & Jewelry",$0,0,$11.68,$4.94,6.74,"1,590,980",2,48,1,Fascigirl Direct,5,"""8.1"" x ""5.1"" x ""2""",Standard (Large),0.3
B075MXDBRB,Aniwon Women Girls Crochet Socks Knit Thigh High Booties Stockings Over Knee Leg Warmers,Aniwon,"Clothing, Shoes & Jewelry",$0,0,$11.68,$4.94,6.74,"1,601,618",33,48,1,Fascigirl Direct,3.8,"""3.94"" x ""3.94"" x ""3.94""",Standard (Large),0.44
B07C5567JB,Aniwon Women Hair Claw Hair Clamp Creative Triangle Marble Pattern Hair Clip for Women and Girl,Aniwon,"Clothing, Shoes & Jewelry",$0,0,$4.99,$4.19,0.8,"10,980,217",2,55,1,Life Dominater,3.2,"""3.937"" x ""2.3622"" x ""2.3622""",Standard (Large),0.1764
B07DK8QXY9,Aniwon Women Party Luxury Feather Flower Tassel Flapper Black Headpiece,Aniwon,Beauty & Personal Care,$0,0,$10.99,$4.84,6.15,"1,373,487",,54,1,Life Dominater,,"""3.937"" x ""3.937"" x ""3.1496""",Standard (Large),0.1235
B00PDH22Y2,Aniwon Women's 3pcs Lace Stockings Garter Belt G-string Sexy Lingerie Set,Aniwon,"Clothing, Shoes & Jewelry",$0,0,$11.23,N.A.,N.A.,"1,817,817",25,35,1,Fascigirl Direct,3.3,N.A.,True,
B07JG2S1S3,Aniwon Women's Choker Necklace Fashionable Retro Spider Charm Necklace Tattoo Necklace for Halloween (E),Aniwon,"Clothing, Shoes & Jewelry",$0,0,$8.99,N.A.,N.A.,"3,776,915",2,63,1,Reviews,4.5,N.A.,,
B0181S7BUY,Aniwon Women's Fascinator Hair Hoop Cocktail Hat With Feather Flower,Fascigirl,"Clothing, Shoes & Jewelry",$0,0,$12.99,$5.14,7.85,"11,422,108",3,54,1,Fascigirl Direct,4,"""13.4"" x ""3.8"" x ""3.4""",Standard (Large),0.1
B012W746OY,Aniwon Women's Straw Hat Ribbon Flower Sun Hat Wide Brim Bridal Church Derby Cap,Aniwon,"Clothing, Shoes & Jewelry",$0,0,$22.99,N.A.,N.A.,"3,404,160",10,36,1,Fascigirl Direct,4.6,N.A.,True,
B012W73MJO,Aniwon Women's Straw Hat Ribbon Flower Sun Hat Wide Brim Bridal Church Derby Cap,Aniwon,"Clothing, Shoes & Jewelry",$0,0,$21.54,$6.42,15.12,"3,494,115",11,56,1,Fascigirl Direct,4.8,"""13"" x ""12"" x ""6.2""",Standard (Large),0.4
B07DMGQJ65,Aniwon Womens Hairband Rabbit Ear Headband Leaves Printed Wire Fresh Bowknot Hair Wrap Decor Headband,Aniwon,Sports & Outdoors,$0,0,$3.98,$3.41,0.57,"3,523,961",,61,1,Life Dominater,,"""4.7244"" x ""3.937"" x ""0.3937""",Standard (Small),0.1102
B07H8ZL4V9,Aniwon Wool Wide Brim Trendy Flat Top Fedora Hat Retro Trilby Jazz Cap for Women,Aniwon,"Clothing, Shoes & Jewelry",$0,0,$11.99,$4.99,7,"1,420,532",14,37,1,Zoylink,3.7,"""1.4"" x ""10.9"" x ""12.6""",Standard (Large),0.1499
B07BFS3MHD,"Baby Breathable Hat, Aniwon Toddler Sun Cap UV Protection Wide Brim Beach Cap Bucket Hat for Infant",Aniwon,Sports & Outdoors,$0,0,$5.99,$3.41,2.58,"949,981",1,61,1,Cherubaby,5,"""5.91"" x ""4.72"" x ""0.39""",Standard (Small),0.24
B07HNWG8KB,"Baby Christmas Socks,Aniwon 4 Pairs Christmas Kids Socks Cartoon Thickened Fuzzy Socks Cotton Socks for Kids",Aniwon,"Clothing, Shoes & Jewelry",$0,0,$18.97,$6.04,12.93,"548,581",1,47,1,Zoylink,1,"""3.3858"" x ""9.252"" x ""10.5512""",Standard (Large),0.3417
B07PGRMRMJ,"Bat Halloween Headband, Aniwon 4Pcs Glitter Wings Headwear Bow Cute Cartoon Hair Hoop Headress Party Cosplay Costume Accessory for Kids Women Girl",Aniwon,Beauty & Personal Care,$0,0,$6.99,$3.46,3.53,"301,121",54,68,1,Life Dominater,4,"""7.09"" x ""5.91"" x ""0.2""",Standard (Small),0.11
B07V1MG139,"Bat Halloween Headband, Aniwon 4Pcs Glitter Wings Headwear Bow Cute Cartoon Hair Hoop Headress Party Cosplay Costume Accessory for Kids Women Girl",Aniwon,Beauty & Personal Care,$0,0,$6.99,$4.24,2.75,"299,917",54,68,1,Life Dominater,4,"""1.9"" x ""11"" x ""11.6""",Standard (Large),0.2998
B07PHCZSNF,"Bat Halloween Headband, Aniwon 4Pcs Glitter Wings Headwear Bow Cute Cartoon Hair Hoop Headress Party Cosplay Costume Accessory for Kids Women Girl",Aniwon,Beauty & Personal Care,$0,0,$6.99,N.A.,N.A.,"542,644",55,68,1,Life Dominater,4,"""6"" x ""6"" x ""0.25""",,0.06
B018FL42E0,Bowler Hat Cat Ear Billycock Wedding Party Cloche Hat for Women Black,Aniwon,"Clothing, Shoes & Jewelry",$0,0,$8.99,N.A.,N.A.,"12,632,505",1,48,1,Fascigirl Direct,5,"""0"" x ""0"" x ""0""",,0.2205
B07WM4F4GK,"Christmas Cotton Socks,Aniwon 6 Pairs Funny Christmas Holiday Socks Printed Crew Socks Soft Warm Winter Casual Socks for Women Men",Aniwon,"Clothing, Shoes & Jewelry",$0,0,$8.99,$4.54,4.45,"1,266,475",10,64,1,Zoylink,4.2,"""1.8"" x ""6.2"" x ""10""",Standard (Large),0.4497
B07J3ZWPJS,"Christmas Reindeer Headbands,Aniwon 6PCS Xmas Headband Hairbands Headwear with Cute Elk Antlers for Kids Adults Christmas Party Supplies",Aniwon,Beauty & Personal Care,$0,0,$10.99,$4.84,6.15,"594,135",5,42,1,Life Dominater,4,"""3.2677"" x ""8.622"" x ""9.2913""",Standard (Large),0.2491
B07HB29M3Q,"Christmas Socks for Women,Aniwon 6 Pairs Christmas Fuzzy Socks Soft Cozy Socks Warm Socks Holiday Crew Socks",Aniwon,"Clothing, Shoes & Jewelry",$0,0,$15.99,$5.59,10.4,"791,216",33,61,2,Zoylink,4,"""3.23"" x ""7.8"" x ""8.82""",Standard (Large),0.6504
B07HQM1L7F,"Christmas Socks,Aniwon 6-Pair Xmas Fuzzy Cozy Slipper Socks Winter Warm Thick Home Socks For Women Girls",Aniwon,"Clothing, Shoes & Jewelry",$0,0,$10.89,N.A.,N.A.,"489,435",18,60,1,Life Dominater,4.9,N.A.,,
B07J4K4K7L,"Christmas Toe Socks,Aniwon 5 Pairs Funny Five Finger Christmas Printed Socks Cotton Holiday Socks for Women",Aniwon,"Clothing, Shoes & Jewelry",$0,0,$11.99,$4.99,7,"2,124,799",4,65,2,Zoylink,5,"""3.5433"" x ""4.8031"" x ""7.0866""",Standard (Large),0.3527
B018LB2HA0,Cocktail Pillbox Hat Fascinator Hair Clip Bridal Headwear for Women,Aniwon,"Clothing, Shoes & Jewelry",$0,0,$19.98,$6.19,13.79,"3,087,244",9,54,1,Fascigirl Direct,4.1,"""10.7"" x ""8.3"" x ""3.1""",Standard (Large),0.05
B07T9CDTGY,"Cute Sleep Mask for Kids,Aniwon 6 Pack Animal Sleeping Mask Soft Plush Blindfold Eyeshade Cute Rabbit Panda Koala Unicorn Eye Covers Eye Mask for Girls Women Kids Favor",Aniwon,Health & Household,$4659.41,259,$17.99,$5.89,12.1,"75,389",69,67,2,Cherubaby,4.8,"""2.4409"" x ""6.5748"" x ""10.9449""",Standard (Large),0.366
B07BHMMN6T,"Disposable Earloop Face Mask,Aniwon 40Pcs Breathability Cute Cartoon Pattern Surgical Mouth Mask Sanitary Medical Mask with Individual Package (Black 5)",Aniwon,Health & Household,$0,0,$10.99,$4.84,6.15,"646,655",2,64,1,Zoylink,2.3,"""2"" x ""2"" x ""2""",Standard (Large),1
B07BJ42GJN,"Dust Mask for Kids,Aniwon 3 Pcs PM2.5 Kids Mouth Face Mask with 6 Pcs Activated Carbon Filter Insert,Washable Cute Cotton Mouth Mask with Adjustable Straps (Blue)",Aniwon,Health & Household,$1448.31,69,$20.99,$6.34,14.65,"34,145",145,60,1,Available from these sellers.,4.6,"""4.41"" x ""4.25"" x ""1.18""",Standard (Large),0.09
B017VU28B0,Fascigirl Fascinator Hair Clip Brooch Pin Wedding Hair Accessory Bridal Heapiece,Aniwon,"Clothing, Shoes & Jewelry",$0,0,$10,$4.69,5.31,"3,172,509",15,57,2,Fascigirl Direct,4.8,"""10.91"" x ""8.9"" x ""2.01""",Standard (Large),0.05
B017VU2A6S,Fascigirl Fascinator Hair Clip Brooch Pin Wedding Hair Accessory Bridal Heapiece,Aniwon,"Clothing, Shoes & Jewelry",$0,0,$11.69,$4.94,6.75,"2,748,814",5,42,1,Fascigirl Direct,5,"""6.1"" x ""5.5"" x ""2.7""",Standard (Large),0.02
B018Q31P3I,Fascigirl Over the Knee Socks Leg Warmers Thigh High Fuzzy Socks for Girls,Aniwon,"Clothing, Shoes & Jewelry",$0,0,$10.99,$4.84,6.15,"1,867,306",8,58,2,Fascigirl Direct,4.7,"""9.9"" x ""3.6"" x ""2.6""",Standard (Large),0.15
B018Q31TIY,Fascigirl Over the Knee Socks Leg Warmers Thigh High Fuzzy Socks for Girls,Aniwon,"Clothing, Shoes & Jewelry",$0,0,$8.99,$4.54,4.45,"2,371,811",3,58,2,Fascigirl Direct,5,"""9.9"" x ""3.6"" x ""2.6""",Standard (Large),0.15
B018Q31QZA,Fascigirl Over the Knee Socks Leg Warmers Thigh High Fuzzy Socks for Girls,Aniwon,"Clothing, Shoes & Jewelry",$0,0,$13.99,$5.29,8.7,"3,218,737",4,58,2,Fascigirl Direct,5,"""9.9"" x ""3.6"" x ""2.6""",Standard (Large),0.15
B018Q31RH2,Fascigirl Over the Knee Socks Leg Warmers Thigh High Fuzzy Socks for Girls,Aniwon,"Clothing, Shoes & Jewelry",$0,0,$10.99,$4.84,6.15,"854,325",4,58,2,Fascigirl Direct,5,"""9.9"" x ""3.6"" x ""2.6""",Standard (Large),0.15
B019GHHKIC,Fascinator Hair Hoop Cocktail Hat Feather Wedding Pillbox Hat for Women,Aniwon,"Clothing, Shoes & Jewelry",$0,0,$19.99,$6.19,13.8,"18,735,947",6,39,1,Fascigirl Direct,3.8,"""14"" x ""10.4"" x ""2.3""",Standard (Large),0.1
B0183LR1QI,Fascinator Mini Pillbox Hat Wedding Bridal Top Hat with Feather Flower,Aniwon,"Clothing, Shoes & Jewelry",$0,0,$9.99,$4.69,5.3,"15,134,103",0,39,1,Fascigirl Direct,0,"""8"" x ""5.5"" x ""2.6""",Standard (Large),0.1
B01AFTAZ78,Fascinator Pillbox Hat Cocktail Hair Hoop Party Wedding Hair Accessories,Aniwon,"Clothing, Shoes & Jewelry",$0,0,$14.89,$5.42,9.47,"8,818,785",3,50,1,Fascigirl Direct,5,"""9.7"" x ""8.2"" x ""2.6""",Standard (Large),0.08
B018L90MUY,Feather Fascinator Pillbox Hat Kentucky Derby Hat Bridal Headwear for Women,Aniwon,"Clothing, Shoes & Jewelry",$0,0,$18.89,$6.02,12.87,"3,231,654",5,50,1,Fascigirl Direct,4.1,"""10.3"" x ""9.5"" x ""2.2""",Standard (Large),0.02
B018L90I12,Feather Fascinator Pillbox Hat Kentucky Derby Hat Bridal Headwear for Women,Aniwon,"Clothing, Shoes & Jewelry",$0,0,$14.99,$5.44,9.55,"4,063,802",9,35,1,Fascigirl Direct,3.9,"""10.3"" x ""9.5"" x ""2.2""",Standard (Large),0.02
B019BSWRZM,Feather Fascinator Pillbox Hat Wedding Sinamay Cocktail Hat for Women,Aniwon,"Clothing, Shoes & Jewelry",$0,0,$21.98,N.A.,N.A.,"26,477,100",4,54,1,Fascigirl Direct,3.5,N.A.,True,0.24
B019BSWSWO,Feather Fascinator Pillbox Hat Wedding Sinamay Cocktail Hat for Women,Aniwon,"Clothing, Shoes & Jewelry",$0,0,$29.97,$7.69,22.28,"10,369,604",1,54,1,Fascigirl Direct,3,"""15.4"" x ""11.5"" x ""2.5""",Standard (Large),0.12
B01CNISNOG,Feather Fascinator Tea Party Derby Pillbox Hat Hair Hood Bridal Hair Accessory,Aniwon,"Clothing, Shoes & Jewelry",$0,0,$10.99,N.A.,N.A.,"25,443,675",0,45,1,Fascigirl Direct,3,N.A.,True,0.22
B01KV6S39W,Fingerless Gloves Cat Claw Bear Paw Style Winter Plush Furry Mitten for Women,Aniwon,"Clothing, Shoes & Jewelry",$0,0,$6.98,$4.24,2.74,"1,617,377",19,54,2,Fascigirl Direct,3.8,"""7.1"" x ""6.3"" x ""2""",Standard (Large),0.02
B01KV6S1QC,Fingerless Gloves Cat Claw Bear Paw Style Winter Plush Furry Mitten for Women,Aniwon,"Clothing, Shoes & Jewelry",$0,0,$6.98,$4.24,2.74,"1,442,039",19,58,2,Fascigirl Direct,3.8,"""7.1"" x ""6.3"" x ""2""",Standard (Large),0.02
B07G81F71N,Football Soccer Sports High Thickened Antiskid Pure Color Men's socks,Aniwon,"Clothing, Shoes & Jewelry",$0,0,$5.59,N.A.,N.A.,"11,243,800",63,39,1,Zoylink,3.5,"""3.937"" x ""3.1496"" x ""3.1496""",,0
B0785ZRGSQ,"Funny Socks for Women Men,Aniwon 6 Pair Unisex Cotton Letter Print FUCK OFF Crew Socks",Aniwon,"Clothing, Shoes & Jewelry",$959.4,60,$15.99,$5.59,10.4,"196,619",123,59,2,Zoylink,4.5,"""1.1811"" x ""6.0236"" x ""8.1102""",Standard (Large),0.1874
B077STTB1R,"Funny Socks for Women Men,Aniwon 8 Pair Unisex Cotton Letter Print FUCK OFF Crew Socks…",Aniwon,"Clothing, Shoes & Jewelry",$0,0,$17.99,$5.89,12.1,"2,141,643",11,60,1,Zoylink,4.3,"""8.11"" x ""6.02"" x ""1.18""",Standard (Large),0.19
B0188ZDZJQ,Hair Clip Fascinator Feather Wedding Party Bridal Headpieces on Halloween Party Beige,Aniwon,"Clothing, Shoes & Jewelry",$0,0,$17.99,$5.89,12.1,"7,129,271",1,57,1,Fascigirl Direct,4,"""8.9"" x ""8"" x ""1.8""",Standard (Large),0.02
B07TB4H545,"Kids Dust Mask,Aniwon 6 Pcs N95 Mask Kids Mouth Mask PM2.5 Anti Pollution Mask with 12 Pcs Activated Carbon Filter Insert Washable Cute Cotton Face Mask with Adjustable Straps",Aniwon,Health & Household,$1798.8,120,$14.99,$5.44,9.55,"63,187",8,70,1,Cherubaby,4.5,"""1.2598"" x ""1.9685"" x ""8.9764""",Standard (Large),0.2954
B07HF5CWVT,"Kids Knee High Socks,Aniwon 6 Pairs Lovely Cartoon Warm Cotton Socks Over Calf Tube Socks for Children Boys Girls",Aniwon,"Clothing, Shoes & Jewelry",$0,0,$16.99,$5.74,11.25,"3,153,731",4,66,2,Zoylink,5,"""1.8858"" x ""10.2756"" x ""10.5866""",Standard (Large),0.6305
B07HF4JF8D,"Kids Knee High Socks,Aniwon 6 Pairs Lovely Cartoon Warm Cotton Socks Over Calf Tube Socks for Children Boys Girls",Aniwon,"Clothing, Shoes & Jewelry",$0,0,$10.99,N.A.,N.A.,"2,065,699",1,66,2,Zoylink,5,"""1.8898"" x ""10.2756"" x ""10.5906""",,0.6305
B07HF4H286,"Kids Knee High Socks,Aniwon 6 Pairs Lovely Cartoon Warm Cotton Socks Over Calf Tube Socks for Children Boys Girls",Aniwon,"Clothing, Shoes & Jewelry",$0,0,$16.99,$5.74,11.25,"3,491,253",2,66,2,Zoylink,5,"""1.8858"" x ""10.2756"" x ""10.5866""",Standard (Large),0.6305
B07NS5WY3Q,"Kids Sleep Mask,Aniwon 4 Pack Cute Eye Mask for Sleeping Unicorn Sleep Mask Night Blindfold Bed Eye Covers Sleep Mask for Women Girls Kids Favor",Aniwon,Health & Household,$3897,300,$12.99,$5.14,7.85,"36,546",109,61,2,Cherubaby,4.6,"""1.7717"" x ""6.7323"" x ""10.0394""",Standard (Large),0.2293
B07RQXCPBD,"Kids Sleep Mask,Aniwon 4 Pack Cute Eye Mask for Sleeping Unicorn Sleep Mask Night Blindfold Bed Eye Covers Sleep Mask for Women Girls Kids Favor",Aniwon,Health & Household,$359.7,30,$11.99,$4.99,7,"129,529",11,61,2,Cherubaby,4.6,"""2.7"" x ""7.7"" x ""9.8""",Standard (Large),0.2293
B07V3PR1LV,"LED Cat Ears Headband,Aniwon12PCS Light Up Headband Cute Cat Ear Rabbit Ear Unicorn Headband Luminous Led Headband for Women Girls Kids Led Hair Accessories Christmas Halloween Party Supplies",Aniwon,Beauty & Personal Care,$0,0,$14.99,$5.44,9.55,"384,122",27,72,2,Zoylink,4.1,"""2"" x ""7"" x ""10.2""",Standard (Large),0.6504
B07V5SCRD7,"LED Light Up Earrings Hair Clips,Aniwon2 Pairs Glowing Halloween Flashing Skull Pumpkin Ear Drop Pendant With 4pcs Bright Stylish Fashion Hair Barrettes Pumpkin Bat Ghost mummy Hairpins for Halloween",Aniwon,Beauty & Personal Care,$0,0,$4.99,$3.41,1.58,"548,357",2,68,1,Life Dominater,5,"""0.315"" x ""1.811"" x ""5.5118""",Standard (Small),0.1764
B07PKVRKL5,"LED Women Butterfly Headband,Aniwon 2 PCS Light Up Party Headbands Hair Band Fashion Headbands for Girls Hair Accessories Wedding Halloween Party Supplies",Aniwon,Beauty & Personal Care,$0,0,$14.99,$5.44,9.55,"527,908",11,67,1,Cherubaby,3.6,"""0.8268"" x ""5.7874"" x ""8.0315""",Standard (Large),0.0948
B07PFPDN2R,"LED Women Butterfly Headband,Aniwon 2 PCS Light Up Party Headbands Hair Band Fashion Headbands for Girls Hair Accessories Wedding Halloween Party Supplies",Aniwon,Beauty & Personal Care,$0,0,$15.99,$4.81,11.18,"529,690",11,67,1,Cherubaby,3.6,"""0.5"" x ""8"" x ""8""",Standard (Small),0.0992
B07HB19K19,"Luminous Mouth Mask,Aniwon 6 Packs Antidust Face Mask Party Cosplay Mask Cotton Masks Glow in The Dark Mouth Mask Halloween Party Mask",Aniwon,Health & Household,$685.02,98,$6.99,$4.24,2.75,"725,243",39,64,1,Available from these sellers.,4.6,"""1.8504"" x ""7.2441"" x ""8.2283""",Standard (Large),0.2844
B01D4JRCZ4,"Mens Soccer Socks,Aniwon Long High Over Knee Compression Socks Athletic Socks for Mens and Boys,Dry Fast",Aniwon,"Clothing, Shoes & Jewelry",$2167.83,217,$9.99,$4.69,5.3,"66,303",106,66,2,Zoylink,3.8,"""9.1"" x ""4.5"" x ""1.4""",Standard (Large),0.2
B01D4JRGPA,"Mens Soccer Socks,Aniwon Long High Over Knee Compression Socks Athletic Socks for Mens and Boys,Dry Fast",Aniwon,"Clothing, Shoes & Jewelry",$2397.6,240,$9.99,$4.69,5.3,"85,312",104,65,2,Zoylink,3.8,"""8.6"" x ""4"" x ""1.2""",Standard (Large),0.2
B01D4JRBX2,"Mens Soccer Socks,Aniwon Long High Over Knee Compression Socks Athletic Socks for Mens and Boys,Dry Fast",Aniwon,"Clothing, Shoes & Jewelry",$3446.55,345,$9.99,$4.69,5.3,"84,638",104,55,2,Zoylink,3.8,"""9.1"" x ""4.5"" x ""1.4""",Standard (Large),0.2
B01D0ZV8MK,Mini Top Hat Veil Fascinators Hair Clip Headwear Lady Party Cocktail Hat,Aniwon,"Clothing, Shoes & Jewelry",$0,0,$12.99,$5.14,7.85,"5,499,404",4,34,1,Fascigirl Direct,5,"""7.4"" x ""6.6"" x ""2.5""",Standard (Large),0.02
B01D0ZVAL4,Mini Top Hat Veil Fascinators Hair Clip Headwear Lady Party Cocktail Hat,Aniwon,"Clothing, Shoes & Jewelry",$0,0,$12.99,$5.14,7.85,"6,471,994",2,54,1,Fascigirl Direct,4,"""7.4"" x ""6.6"" x ""2.5""",Standard (Large),0.02
B01D0ZV8NY,Mini Top Hat Veil Fascinators Hair Clip Headwear Lady Party Cocktail Hat,Aniwon,"Clothing, Shoes & Jewelry",$0,0,$29.97,$7.69,22.28,"5,287,784",8,34,1,Fascigirl Direct,3.5,"""7.4"" x ""6.8"" x ""2.5""",Standard (Large),0.02
B01D0ZV9OC,Mini Top Hat Veil Fascinators Hair Clip Headwear Lady Party Cocktail Hat,Aniwon,"Clothing, Shoes & Jewelry",$0,0,$12.1,$5.01,7.09,"7,522,572",16,34,2,Available from these sellers.,3.6,"""7.4"" x ""6.8"" x ""2.5""",Standard (Large),0.02
B01D0ZV7JY,Mini Top Hat Veil Fascinators Hair Clip Headwear Lady Party Cocktail Hat,Aniwon,"Clothing, Shoes & Jewelry",$0,0,$12.1,$5.01,7.09,"10,611,246",1,34,2,Fascigirl Direct,4,"""7.4"" x ""6.6"" x ""2.5""",Standard (Large),0.02
B083DFXNV8,"Mouth Mask,Aniwon 2PCS Unisex Kpop Mask Cute Anime EXO Mask Black Cotton Face Mask Anti Dust Mask for Men Women Kids",Zoylink,Health & Household,$3357.9,210,$15.99,N.A.,N.A.,"44,899",2,67,3,Cherubaby,5,"""0.5906"" x ""5.0787"" x ""7.3228""",,0.0992
B07KPDLQF5,"Mouth Mask,Aniwon 4 Pack Unisex Anti Dust Cotton Face Mask Fashion Anime Face Mask for Men and Women",Aniwon,Beauty & Personal Care,$209.7,30,$6.99,N.A.,N.A.,"142,564",7,59,1,Zoylink,4.1,N.A.,,
B07MG316PG,"Mouth Mask,Aniwon 9PCS Cute Anti Dust Cotton Face Mask Unisex Kpop Mask Anime Face Mask for Men Women Kids",Aniwon,Health & Household,$961.63,37,$25.99,$7.09,18.9,"73,828",119,63,1,Available from these sellers.,4.3,"""2.4"" x ""6.1"" x ""7""",Standard (Large),0.2491
B018Q31PKQ,Over the Knee Socks Leg Warmers Thigh High Fuzzy Socks for Girls,Aniwon,"Clothing, Shoes & Jewelry",$0,0,$10.99,$4.84,6.15,"1,884,990",12,57,1,Fascigirl Direct,3.9,"""9.9"" x ""3.6"" x ""2.6""",Standard (Large),0.15
B0159UOUOC,"Punk Mini Top Hat, Aniwon Women Ladies Flower Hair Clip Feather Fascinator",Aniwon,"Clothing, Shoes & Jewelry",$0,0,$9.99,$4.69,5.3,"2,119,620",9,62,1,Fascigirl Direct,4.2,"""9.7"" x ""8.5"" x ""3.3""",Standard (Large),0.1
B01LYJSMWA,Slipper Socks Women Snowflake Fleece Lining Knit Christmas Stockings,Aniwon,"Clothing, Shoes & Jewelry",$0,0,$17.65,$5.84,11.81,"2,625,704",1,51,1,Fascigirl Direct,5,"""8.9"" x ""5.8"" x ""3.3""",Standard (Large),0.35
B01LZUNIH3,Slipper Socks Women Snowflake Fleece Lining Knit Christmas Stockings,Aniwon,"Clothing, Shoes & Jewelry",$0,0,$17.65,$5.84,11.81,"2,536,780",1,55,1,Fascigirl Direct,5,"""9"" x ""5"" x ""2""",Standard (Large),0.06
B019IF5HHS,Straw Hat Beach Sun Hat Casual Bucket Hat with Flower for Ladies,Aniwon,"Clothing, Shoes & Jewelry",$0,0,$16.69,$5.69,11,"503,599",10,53,2,Fascigirl Direct,4.9,"""12.4"" x ""11.2"" x ""1.8""",Standard (Large),0.4
B07BFQ6LCQ,"Straw Hat, Aniwon Wide Brim Hat Decorative Lace UV Protection Beach Sun Hat for Kids Adults",Aniwon,"Clothing, Shoes & Jewelry",$0,0,$7.99,$4.39,3.6,"16,358,514",,59,1,Cherubaby,,"""7.0866"" x ""2.3622"" x ""1.5748""",Standard (Large),0.2425
B07PMNMQRJ,"Women Butterfly Headband,Aniwon Elegant Party Headband Hair Band Fashion Headbands for Girls Hair Accessories Party Supplies",Aniwon,Beauty & Personal Care,$209.7,30,$6.99,$3.46,3.53,"219,005",19,67,2,Cherubaby,4.1,"""0.1575"" x ""1.378"" x ""7.7953""",Standard (Small),0.0331
B07PS1H3TX,"Women Butterfly Headband,Aniwon Elegant Party Headband Hair Band Fashion Headbands for Girls Hair Accessories Party Supplies",Aniwon,Beauty & Personal Care,$0,0,$7.99,$3.61,4.38,"284,231",20,67,1,Cherubaby,4.1,"""0.1575"" x ""1.378"" x ""7.7953""",Standard (Small),0.0331
B07H92HTF5,"Women Fuzzy Socks,Aniwon 5 Pairs Cute Cartoon Cozy Fuzzy Socks Winter Warm Socks Slipper Socks for Women",Aniwon,"Clothing, Shoes & Jewelry",$0,0,$11.99,N.A.,N.A.,"3,981,697",8,66,2,Zoylink,5,N.A.,,
B07ZKTPXVP,"Women Fuzzy Socks,Aniwon 6 Pairs Cute Cartoon Cozy Fuzzy Socks Winter Warm Socks Slipper Socks for Women",Aniwon,"Clothing, Shoes & Jewelry",$0,0,$12.99,$5.14,7.85,"651,601",8,66,2,Cherubaby,4.4,"""4.3"" x ""8.4"" x ""10.5""",Standard (Large),0.6305
B00PDH22WE,Women's 3pcs Lace Stockings Garter Belt G-string Sexy Lingerie Set (Black),Aniwon,"Clothing, Shoes & Jewelry",$0,0,$11.99,$4.99,7,"3,046,310",10,40,1,Fascigirl Direct,3.1,"""10.1"" x ""6.7"" x ""1.5""",Standard (Large),0.02
B00PDH22YW,Women's 3pcs Lace Stockings Garter Belt G-String Sexy Lingerie Set (White),Aniwon,"Clothing, Shoes & Jewelry",$0,0,$11.59,$4.93,6.66,"2,833,326",12,35,2,Fascigirl Direct,3.2,"""10.1"" x ""6.7"" x ""1.5""",Standard (Large),0.02
B00RCDNFEG,Women's Crochet Socks Knit Thigh High Booties Stockings Over Knee Leg Warmers (Pink),Aniwon,"Clothing, Shoes & Jewelry",$0,0,$11.68,$4.94,6.74,"12,005,479",0,51,1,Fascigirl Direct,,"""8.1"" x ""5.1"" x ""2""",Standard (Large),0.3
B01C6ZIECC,"Women's Straw Hat Ribbon Flower Sun Hat Wide Brim Bridal Church Derby Cap (One Size, Purple)",Aniwon,"Clothing, Shoes & Jewelry",$0,0,$22.99,$6.64,16.35,"8,153,771",2,48,2,Fascigirl Direct,4.5,"""13"" x ""12"" x ""6.2""",Standard (Large),0.4
B00Q6DW2UG,"Zipper Compression Socks, Aniwon Open Toe Compression Socks Calf Leg Support Hose Stocking",Aniwon,"Clothing, Shoes & Jewelry",$1348.5,150,$8.99,$4.54,4.45,"117,864",164,35,2,Zoylink,3.5,"""9"" x ""4.4"" x ""0.9""",Standard (Large),0.1
B06XYF1V1K,"Zipper Compression Socks, Aniwon Open Toe Compression Socks Calf Leg Support Hose Stocking",Aniwon,Health & Household,$0,0,$7.99,$4.39,3.6,"533,512",10,62,1,Zoylink,3.6,"""7.01"" x ""4.61"" x ""1.42""",Standard (Large),0.22
B06XYJBY8Q,"Zipper Compression Socks, Aniwon Open Toe Compression Socks Calf Leg Support Hose Stocking",Aniwon,Health & Household,$199.8,20,$9.99,$4.69,5.3,"162,296",110,40,2,Zoylink,3.6,"""1.4173"" x ""4.6063"" x ""7.0079""",Standard (Large),0.2205
B07CJKKMF7,"Zipper Tie,Formal Necktie Classic Tie Adjustable Business Tie with Box for Men",Aniwon,"Clothing, Shoes & Jewelry",$0,0,$12.99,$5.14,7.85,"864,548",25,55,1,Life Dominater,4.4,"""7.874"" x ""5.9055"" x ""1.9685""",Standard (Large),0.0992
B07CJ7QKTM,"Zipper Tie,Formal Necktie Classic Tie Adjustable Business Tie with Box for Men",Aniwon,"Clothing, Shoes & Jewelry",$0,0,$12.99,$5.14,7.85,"865,746",25,40,1,Life Dominater,4.4,"""7.874"" x ""5.9055"" x ""1.9685""",Standard (Large),0.0992
B07L874VY2,"Zipper Tie,Formal Necktie Classic Tie Adjustable Business Tie with Box for Men",Aniwon,"Clothing, Shoes & Jewelry",$0,0,$12.99,$5.14,7.85,"867,255",25,55,1,Life Dominater,4.4,"""1.378"" x ""4.8425"" x ""6.9646""",Standard (Large),0.097
